,Ridge,SVR,LR,Lasso,XGB,RFR
train_score,0.727402,0.682374,0.679483,0.679451,0.762319,0.497067
test_score,0.624098,0.548188,0.541535,0.541502,0.632045,0.444516
